,Location,city_lat,city_long
0,"Tapachula, Chiapas",14.905559900000002,-92.2634206
5,"Juchitán, Oaxaca",16.4406909,-95.0221197
8,"Córdoba, Veracruz",18.883890899999997,-96.92377509999999
9,"Mexico City, Mexico",19.4326077,-99.133208
12,"Guadalajara, Jalisco",20.6596988,-103.3496092
13,"La Concha, Sinaloa",22.5313301,-105.4496002
15,"Guaymas, Sonora",27.9178651,-110.9089378
17,"Tijuana, Baja California",32.5149469,-117.03824709999999
